davalos100@safaricom.com,davalos,password
bolsen101@cerist.com,bolsen,password
jhall102@apicnet.com,jhall,password
nlindsey103@jio.com,nlindsey,password
crios104@optus.com,crios,password
chunt105@openworld.com,chunt,password
lchung106@jio.com,lchung,password
amccullo107@softbank.com,amccullo,password
derickso108@telefonica.com,derickso,password
apowell110@bifty.com,apowell,password
rhayden111@vimpelcom.com,rhayden,password
breynold112@bce.com,breynold,password
eflowers113@movil.com,eflowers,password
rjimenez114@kpn.com,rjimenez,password
kbradsha115@sktelecom.com,kbradsha,password
bmayer116@lguplus.com,bmayer,password
zhouse117@telenor.com,zhouse,password
avillega118@zain.com,avillega,password
lpadilla119@netcom.com,lpadilla,password
aarellan120@telecomitalia.com,aarellan,password
bmitchel121@att.com,bmitchel,password
bavery122@att.com,bavery,password
hestes123@daxnet.com,hestes,password
jallen124@att.com,jallen,password
wyoder125@kddi.com,wyoder,password
balfaro126@bt.com,balfaro,password
jwebb127@telecom.com,jwebb,password
oavalos128@telekom.com,oavalos,password
awashing129@icom.com,awashing,password
rhanna130@unicom.com,rhanna,password
kprince131@access.com,kprince,password
vvaughan132@vivendi.com,vvaughan,password
bpark133@ptcl.com,bpark,password
sclayton134@bt.com,sclayton,password
gbeck135@telekom.com,gbeck,password
kharding136@turkcell.com,kharding,password
jcurtis137@telenor.com,jcurtis,password
kclarke138@sktelecom.com,kclarke,password
josborne139@frontier.com,josborne,password
swagner140@icom.com,swagner,password
tflynn141@ui.com,tflynn,password
kmorgan142@netcom.com,kmorgan,password
kvo143@kddi.com,kvo,password
cgriffit144@nii.com,cgriffit,password
dnichols145@softbank.com,dnichols,password
tcalhoun146@singtel.com,tcalhoun,password
ghuerta147@ptcl.com,ghuerta,password
bfitzger148@telkom.com,bfitzger,password
mbryant149@bce.com,mbryant,password
enash150@bce.com,enash,password
hwinters151@icom.com,hwinters,password
kguerrer152@ais.com,kguerrer,password
rcamacho153@ktc.com,rcamacho,password
mreilly154@ote.com,mreilly,password
howens155@ais.com,howens,password
ahampton156@telus.com,ahampton,password
cbartlet157@rogers.com,cbartlet,password
sbarnes158@telia.com,sbarnes,password
draymond159@telekom.com,draymond,password
wrowe160@pldt.com,wrowe,password
bfuentes161@mtn.com,bfuentes,password
dpruitt162@cci.com,dpruitt,password
esulliva163@telefonica.com,esulliva,password
rstephen164@kpn.com,rstephen,password
ihorne165@eunet.com,ihorne,password
dsantos166@telenor.com,dsantos,password
dhawkins167@econnect.com,dhawkins,password
cdeleon168@tm.com,cdeleon,password
rmullins169@telus.com,rmullins,password
rhicks170@ktc.com,rhicks,password
kmoran171@etisalat.com,kmoran,password
lfelix172@openworld.com,lfelix,password
lroman173@oi.com,lroman,password
bhouston174@uunet.com,bhouston,password
jsimpson175@ui.com,jsimpson,password
mmedina176@econnect.com,mmedina,password
cbrooks177@oi.com,cbrooks,password
rcontrer178@frontier.com,rcontrer,password
tstewart179@telus.com,tstewart,password
lberger180@ktc.com,lberger,password
abullock181@pldt.com,abullock,password
garmstro182@softbank.com,garmstro,password
tsawyer183@jio.com,tsawyer,password
rhaynes184@glasnet.com,rhaynes,password
jjaramil185@apicnet.com,jjaramil,password
ogarcia186@airtel.com,ogarcia,password
yphan187@tt.com,yphan,password
rkelly188@telstra.com,rkelly,password
ecain189@maxcomm.com,ecain,password
mromero190@att.com,mromero,password
scolon192@bce.com,scolon,password
mmelton193@airtel.com,mmelton,password
xdonovan194@ooredoo.com,xdonovan,password
eshort195@telefonica.com,eshort,password
ctucker196@algonet.com,ctucker,password
mstout197@millicom.com,mstout,password
rguevara198@ccs.com,rguevara,password
pnava199@telecom.com,pnava,password
jkrueger200@jio.com,jkrueger,password
mkemp201@cubenet.com,mkemp,password
djordan202@rogers.com,djordan,password
ccross204@ote.com,ccross,password
sshepher205@swisscom.com,sshepher,password
mhenson206@ui.com,mhenson,password
scarlson207@zain.com,scarlson,password
cmontes208@telesystems.com,cmontes,password
lallen209@worldnet.com,lallen,password
emckenzi210@cubenet.com,emckenzi,password
afoley211@att.com,afoley,password
ccohen212@telesystems.com,ccohen,password
ngardner213@sktelecom.com,ngardner,password
sgilmore214@ais.com,sgilmore,password
rlyons215@vivendi.com,rlyons,password
jberg216@telus.com,jberg,password
vsalgado217@telia.com,vsalgado,password
cmiles218@lookdata.com,cmiles,password
aleblanc219@vimpelcom.com,aleblanc,password
cbradfor220@bifty.com,cbradfor,password
chendric221@etisalat.com,chendric,password
scalhoun222@telefonica.com,scalhoun,password
cduke223@softbank.com,cduke,password
trivas224@greennet.com,trivas,password
emathews225@sktelecom.com,emathews,password
acarter226@ccs.com,acarter,password
lingram227@rogers.com,lingram,password
vmoran228@bifty.com,vmoran,password
tgraves229@telkom.com,tgraves,password
jsoto230@ote.com,jsoto,password
gmendez231@eunet.com,gmendez,password
acraig232@rogers.com,acraig,password
tphan233@tata.com,tphan,password
dvillega234@netcom.com,dvillega,password
dhorn235@zain.com,dhorn,password
kmacdona236@frontier.com,kmacdona,password
ejackson238@sprint.com,ejackson,password
pmccormi239@millicom.com,pmccormi,password
erocha240@eunet.com,erocha,password
ihunter241@etisalat.com,ihunter,password
ddelacru242@glasnet.com,ddelacru,password
tmann243@telstra.com,tmann,password
ewells244@seednet.com,ewells,password
edyer245@cerist.com,edyer,password
gkrueger246@lookdata.com,gkrueger,password
sbarron247@nordnet.com,sbarron,password
eayers248@telecomitalia.com,eayers,password
lfowler249@econnect.com,lfowler,password
ehall251@tata.com,ehall,password
dgood252@ntt.com,dgood,password
swatts254@relcom.com,swatts,password
lmerritt255@swisscom.com,lmerritt,password
jdorsey256@turkcell.com,jdorsey,password
vcharles257@softbank.com,vcharles,password
nsummers258@eunet.com,nsummers,password
lroach259@telkom.com,lroach,password
ekelly260@singtel.com,ekelly,password
epugh261@econnect.com,epugh,password
mrosas262@movil.com,mrosas,password
mwagner263@cerist.com,mwagner,password
erhodes264@chunghwa.com,erhodes,password
esellers265@nii.com,esellers,password
djones266@greennet.com,djones,password
jmacdona267@seednet.com,jmacdona,password
mhammond268@econnect.com,mhammond,password
jvincent269@pldt.com,jvincent,password
bwilson270@singtel.com,bwilson,password
hblair271@vivendi.com,hblair,password
kharrell272@pldt.com,kharrell,password
dsims273@optus.com,dsims,password
bvu274@uunet.com,bvu,password
abradley275@movil.com,abradley,password
lnichols276@ooredoo.com,lnichols,password
bdonalds277@cci.com,bdonalds,password
enorris278@daxnet.com,enorris,password
fvelazqu279@lguplus.com,fvelazqu,password
zmacdona280@cci.com,zmacdona,password
mtaylor281@orange.com,mtaylor,password
jnewman282@kpn.com,jnewman,password
sburke283@singtel.com,sburke,password
fmcgee284@zain.com,fmcgee,password
ljoseph285@uunet.com,ljoseph,password
svaughn286@bt.com,svaughn,password
jgoodman287@centurylink.com,jgoodman,password
tmahoney288@movil.com,tmahoney,password
tanthony289@bifty.com,tanthony,password
bbrownin290@lookdata.com,bbrownin,password
esoto291@apicnet.com,esoto,password
lkerr292@eunet.com,lkerr,password
larellan293@telesystems.com,larellan,password
wvelasqu294@ote.com,wvelasqu,password
dpatrick295@ais.com,dpatrick,password
rbailey296@optus.com,rbailey,password
tcarey297@frontier.com,tcarey,password
ddaniels298@apicnet.com,ddaniels,password
aparker299@centurylink.com,aparker,password
gmeadows300@rogers.com,gmeadows,password
cpark301@orstom.com,cpark,password
ytodd302@safaricom.com,ytodd,password
awilkers303@telecom.com,awilkers,password
phorn304@sprint.com,phorn,password
tmaynard306@megafon.com,tmaynard,password
hwatson307@telecom.com,hwatson,password
dbryan308@access.com,dbryan,password
epotts309@kpn.com,epotts,password
ocollier310@telecomitalia.com,ocollier,password
tdaniel311@telefonica.com,tdaniel,password
darroyo312@telus.com,darroyo,password
hvillega313@relcom.com,hvillega,password
ffranco314@openworld.com,ffranco,password
rbauer315@mtn.com,rbauer,password
jlewis316@bce.com,jlewis,password
jzamora318@nii.com,jzamora,password
sgreer320@kddi.com,sgreer,password
ebooker321@centurylink.com,ebooker,password
tstephen322@etisalat.com,tstephen,password
jwelch323@telecomitalia.com,jwelch,password
pwarner324@econnect.com,pwarner,password
estein325@ote.com,estein,password
swoodard326@telstra.com,swoodard,password
hnewton327@telefonica.com,hnewton,password
rkramer328@cci.com,rkramer,password
lsolis329@optus.com,lsolis,password
zhail330@bt.com,zhail,password
iorr331@telenor.com,iorr,password
dgross332@telus.com,dgross,password
jsantiag333@softbank.com,jsantiag,password
ecampbel334@greennet.com,ecampbel,password
jcastane335@ais.com,jcastane,password
amarquez336@vodafone.com,amarquez,password
gballard337@cci.com,gballard,password
rdixon338@kpn.com,rdixon,password
pmccoy339@optus.com,pmccoy,password
raustin340@safaricom.com,raustin,password
lparra341@ooredoo.com,lparra,password
ldouglas342@turkcell.com,ldouglas,password
lroy343@rogers.com,lroy,password
jmyers344@telekom.com,jmyers,password
hfloyd345@uunet.com,hfloyd,password
bfarrell346@etisalat.com,bfarrell,password
lgill347@nii.com,lgill,password
pstout348@algonet.com,pstout,password
rgill349@pldt.com,rgill,password
dlawson350@safaricom.com,dlawson,password
rbeck351@maxcomm.com,rbeck,password
nbarber352@icom.com,nbarber,password
phurst353@uunet.com,phurst,password
lortiz354@eunet.com,lortiz,password
shendric355@kpn.com,shendric,password
cmayo356@apicnet.com,cmayo,password
rbailey357@optus.com,rbailey,password
lpadilla358@lguplus.com,lpadilla,password
sbernal359@seednet.com,sbernal,password
blyons360@bt.com,blyons,password
twilkins361@telkom.com,twilkins,password
kfowler362@eunet.com,kfowler,password
hrowe363@telus.com,hrowe,password
lgould364@netcom.com,lgould,password
ccarey365@eunet.com,ccarey,password
aschaefe366@millicom.com,aschaefe,password
ggross367@kpn.com,ggross,password
lhamilto368@turkcell.com,lhamilto,password
cwilkins369@ote.com,cwilkins,password
fmay370@pldt.com,fmay,password
tmcmilla371@zain.com,tmcmilla,password
pmitchel372@singtel.com,pmitchel,password
ydudley373@vodafone.com,ydudley,password
rshort374@bt.com,rshort,password
ccalhoun375@greennet.com,ccalhoun,password
rkennedy376@chunghwa.com,rkennedy,password
awilliam377@kddi.com,awilliam,password
latkins378@cerist.com,latkins,password
sbuckley379@frontier.com,sbuckley,password
lesparza380@ais.com,lesparza,password
ccabrera381@nii.com,ccabrera,password
rpatters382@apicnet.com,rpatters,password
rwheeler383@pldt.com,rwheeler,password
jgates384@telecom.com,jgates,password
fhaley385@greennet.com,fhaley,password
cbeltran386@ote.com,cbeltran,password
cestes387@eunet.com,cestes,password
slucero388@unicom.com,slucero,password
pgoodwin389@ui.com,pgoodwin,password
jbush390@orstom.com,jbush,password
eshannon391@sktelecom.com,eshannon,password
pwest392@ptcl.com,pwest,password
churst393@maxcomm.com,churst,password
salfaro394@optus.com,salfaro,password
atapia395@telecomitalia.com,atapia,password
lbonilla396@telstra.com,lbonilla,password
ganthony397@orstom.com,ganthony,password
ebarrera398@nordnet.com,ebarrera,password
ckent399@millicom.com,ckent,password
