nkrueger100@glasnet.com,nkrueger,password
blucero101@tata.com,blucero,password
cpadilla102@uunet.com,cpadilla,password
ajoseph103@cubenet.com,ajoseph,password
lquinn104@telefonica.com,lquinn,password
tpayne105@telus.com,tpayne,password
eglenn106@telekom.com,eglenn,password
lpena107@ui.com,lpena,password
bnolan108@megafon.com,bnolan,password
cgraham109@access.com,cgraham,password
jkaur110@centurylink.com,jkaur,password
sorozco111@optus.com,sorozco,password
ewilliam112@swisscom.com,ewilliam,password
sfriedma113@ais.com,sfriedma,password
dhoffman114@rogers.com,dhoffman,password
bfelix115@swisscom.com,bfelix,password
gmaxwell116@turkcell.com,gmaxwell,password
lhess117@centurylink.com,lhess,password
cmoses118@movil.com,cmoses,password
acollins120@orange.com,acollins,password
cbush122@ais.com,cbush,password
drojas123@vodafone.com,drojas,password
eallen124@telecom.com,eallen,password
hwatson125@kddi.com,hwatson,password
aquinn126@tt.com,aquinn,password
llu127@oi.com,llu,password
dgriffin128@seednet.com,dgriffin,password
scline129@etisalat.com,scline,password
jchristi130@bt.com,jchristi,password
tharriso131@bt.com,tharriso,password
emullins132@megafon.com,emullins,password
jvincent133@orange.com,jvincent,password
bcarroll134@frontier.com,bcarroll,password
mstanton135@mtn.com,mstanton,password
mcantu136@tata.com,mcantu,password
sduncan137@airtel.com,sduncan,password
awest138@vodafone.com,awest,password
tmurillo140@ooredoo.com,tmurillo,password
tmata141@tata.com,tmata,password
dweber142@telenor.com,dweber,password
knorton143@telenor.com,knorton,password
kwaller144@cerist.com,kwaller,password
gmclaugh146@pldt.com,gmclaugh,password
rnava148@unicom.com,rnava,password
rbenton149@seednet.com,rbenton,password
tdouglas150@kpn.com,tdouglas,password
aprice151@daxnet.com,aprice,password
jbowers152@oi.com,jbowers,password
cmcdanie153@ccs.com,cmcdanie,password
amclean154@turkcell.com,amclean,password
hmitchel155@bifty.com,hmitchel,password
lorozco156@softbank.com,lorozco,password
cmiranda157@singtel.com,cmiranda,password
jrivas158@frontier.com,jrivas,password
qfry159@econnect.com,qfry,password
omays160@cubenet.com,omays,password
lbeltran161@kddi.com,lbeltran,password
cmayo162@tt.com,cmayo,password
mparks163@access.com,mparks,password
mhinton164@sktelecom.com,mhinton,password
rbrandt165@centurylink.com,rbrandt,password
ceaton166@airtel.com,ceaton,password
kbautist167@ccs.com,kbautist,password
fbridges168@orstom.com,fbridges,password
dspencer169@greennet.com,dspencer,password
rgarrett170@bt.com,rgarrett,password
ifowler171@greennet.com,ifowler,password
joconnor172@att.com,joconnor,password
cfarmer174@cci.com,cfarmer,password
cestes175@movil.com,cestes,password
srollins176@swisscom.com,srollins,password
cwilkers177@sprint.com,cwilkers,password
melliott178@vivendi.com,melliott,password
bgillesp179@telefonica.com,bgillesp,password
smurillo180@belgacom.com,smurillo,password
emacdona181@unicom.com,emacdona,password
iarmstro182@millicom.com,iarmstro,password
lroberso183@mtn.com,lroberso,password
sduran184@vodafone.com,sduran,password
jcollier185@icom.com,jcollier,password
lhuynh186@lookdata.com,lhuynh,password
khurley187@telus.com,khurley,password
spope188@centurylink.com,spope,password
khammond189@cerist.com,khammond,password
lwilkins190@centurylink.com,lwilkins,password
eferguso191@telstra.com,eferguso,password
fsutton192@sprint.com,fsutton,password
hrollins193@centurylink.com,hrollins,password
vsuarez194@kpn.com,vsuarez,password
cwatson195@netcom.com,cwatson,password
tstone196@maxcomm.com,tstone,password
acolon197@megafon.com,acolon,password
mhernand198@cubenet.com,mhernand,password
bhowe199@apicnet.com,bhowe,password
